Player,Market Value
Brenden Aaronson,€18.00m
Yunis Abdelhamid,€300k
Himad Abdelli,€7.00m
Salis Abdul Samed,€4.50m
Laurent Abergel,€2.00m
Oliver Abildgaard,€500k
Matthis Abline,€20.00m
Abner,€10.00m
Zakaria Aboukhlal,€7.50m
Tammy Abraham,€20.00m
Francesco Acerbi,€2.50m
Mohamed Achi,€150k
Marcos Acuña,€1.20m
Che Adams,€8.50m
Tyler Adams,€25.00m
Sargis Adamyan,€300k
Tosin Adarabioyo,€18.00m
Martin Adeline,€5.00m
Karim Adeyemi,€50.00m
Amine Adli,€20.00m
Yacine Adli,€9.00m
Michel Aebischer,€4.50m
Felix Afena-Gyan,€1.40m
Emmanuel Agbadou,€18.00m
Lucien Agoume,€12.00m
Felix Agu,€6.00m
Álvaro Aguado,€500k
Kevin Agudelo,€3.70m
Nayef Aguerd,€20.00m
Ruben Aguilar,€3.00m
Naouirou Ahamada,€3.50m
Amar Ahmed,-
Jean-Eudes Aholou,€1.50m
Joseph Aidoo,€1.00m
Ola Aina,€20.00m
Kristoffer Ajer,€18.00m
Ludovic Ajorque,€3.50m
Manuel Akanji,€18.00m
Nathan Aké,€15.00m
Sergio Akieme,€5.00m
Maghnes Akliouche,€50.00m
Paul Akouokou,€500k
Kevin Akpoguma,€2.00m
David Alaba,€3.50m
Tomás Alarcón,€500k
Lucas Alario,€350k
Jordi Alba,-
Luis Alberto,€1.50m
Raúl Albiol,€800k
Marc Albrighton,-
Thiago Alcántara,-
Carlos Alcaraz,€15.00m
Rubén Alcaraz,€400k
Omar Alderete,€15.00m
Iván Alejo,€1.00m
Carles Aleñá,€3.50m
Trent Alexander-Arnold,€65.00m
Alejandro Alfaro,-
Ángel Algobia,€600k
Mohamed Ali Cho,€15.00m
Faride Alidou,€800k
Alisson,€17.00m
Jim Allevinah,€1.20m
Dele Alli,€1.00m
Domingos André Ribeiro Almeida,€7.50m
Miguel Almirón,€9.00m
Marcos Alonso,€1.40m
Mickaël Alphonse,-
Carlos Álvarez,€15.00m
Gastón Álvarez,€8.00m
Julián Álvarez,€90.00m
Agustín Álvarez Martínez,€2.80m
Yeray Álvarez,€1.00m
Ibrahim Amadou,€650k
Daniel Amartey,€500k
Amath,€800k
Jordan Amavi,€750k
Kelvin Amian,€2.50m
Bruno Amione,€2.50m
Nadiem Amiri,€17.00m
Ethan Ampadu,€25.00m
Sofyan Amrabat,€12.00m
Joachim Andersen,€25.00m
Elliot Anderson,€60.00m
Felipe Anderson,€2.00m
Benjamin André,€4.00m
Komnen Andri?,€700k
Robert Andrich,€7.00m
Angeliño,€10.00m
Fabrizio Angileri,€500k
Jaidon Anthony,€18.00m
Janis Antiste,€1.20m
Waldemar Anton,€18.00m
Marcos Antônio,-
Michail Antonio,€500k
Antony,€40.00m
Valentin Antov,€1.50m
Christopher Antwi-Adjei,€500k
Anuar,€800k
Houssem Aouar,€8.00m
Adil Aouchiche,€2.00m
Dennis Appiah,€600k
Mauro Arambarri,€10.00m
Charles Aránguiz,€600k
Ronald Araújo,€20.00m
Cameron Archer,€8.00m
Taïryk Arconte,€1.50m
Alphonse Areola,€5.00m
Joe Aribo,€2.80m
Adam Armstrong,€8.00m
Stuart Armstrong,€400k
Marko Arnautovi?,€2.50m
Maximilian Arnold,€4.50m
Kepa Arrizabalaga,€7.00m
Roberto Arroyo,€300k
Tolgay Arslan,€600k
Arthur,€4.00m
Santiago Arzamendia,€2.50m
Takuma Asano,€1.80m
Santiago Ascacíbar,€7.00m
Sergio Asenjo,-
Marco Asensio,€15.00m
Kristoffer Askildsen,€1.80m
Fisnik Asllani,€30.00m
Kristjan Asllani,€13.00m
Iago Aspas,€1.80m
Lorenz Assignon,€10.00m
Youcef Atal,€2.70m
Pierre-Emerick Aubameyang,€3.00m
Emil Audero,€3.20m
Tommaso Augello,€1.20m
Ludwig Augustinsson,€2.00m
Serge Aurier,€800k
Mathias Autret,-
Ezequiel Ávila,€1.50m
Cédric Avinel,-
Taiwo Awoniyi,€9.00m
André Ayew,€300k
Jordan Ayew,€1.80m
Kaan Ayhan,€2.00m
Luke Ayling,€400k
Ayman Azhil,€400k
Sardar Azmoun,€7.00m
César Azpilicueta,€1.20m
Sanoussy Ba,€300k
Iddrisu Baba,€1.00m
Sr?an Babi?,€5.00m
Loïc Bade,€25.00m
Édgar Badía,€500k
Benoît Badiashile,€18.00m
Alex Baena,€45.00m
Jaime Báez,€600k
Leon Bailey,€16.00m
Eric Bailly,€1.50m
Dénys Bain,-
Brandon Baiye,€1.00m
Stefan Bajcetic,€5.00m
Nedim Bajrami,€2.50m
Cédric Bakambu,€1.40m
Mitchel Bakker,€4.00m
Ridle Baku,€12.00m
Tommaso Baldanzi,€9.00m
Alejandro Balde,€55.00m
Thierno Balde,€500k
Carlos Baleba,€55.00m
Mikel Balenziaga,-
Leonardo Balerdi,€18.00m
Iván Balliu,€1.20m
Fodé Ballo-Touré,€1.00m
Folarin Balogun,€30.00m
Abdoulaye Bamba,€250k
Jonathan Bamba,€3.50m
Patrick Bamford,€1.20m
Lameck Banda,€3.00m
Filippo Bandinelli,€750k
Léo Baptistão,€700k
Shandon Baptiste,€1.00m
Antonín Barák,€1.00m
Andrea Barberis,€100k
Bradley Barcola,€70.00m
Melvin Bard,€10.00m
Keidi Bare,€800k
Nicolò Barella,€50.00m
Kike Barja,€1.50m
Ross Barkley,€5.00m
Aymen Barkok,€450k
Harvey Barnes,€32.00m
Leandro Barreiro Martins,€15.00m
Ander Barrenetxea,€18.00m
Pablo Barrios,€60.00m
Musa Barrow,€7.00m
Federico Baschirotto,€4.00m
Gil Bastião Dias,€1.50m
Alessandro Bastoni,€70.00m
Simone Bastoni,€700k
Rodrigo Battaglia,€800k
Maximilian Bauer,€1.50m
Oliver Baumann,€3.00m
Timo Baumgartl,€600k
Julian Baumgartlinger,-
Christoph Baumgartner,€30.00m
Cyrille Bayala,€350k
Brian Bayeye,€250k
Noah Joel Sarenren Bazee,€400k
Gavin Bazunu,€9.00m
Bebé,-
Ihlas Bebou,€800k
Rodrigo Becão,€2.50m
Mads Bech Sørensen,€6.00m
Julius Beck,€500k
Sheraldo Becker,€1.50m
Jan Bednarek,€11.00m
Donny van de Beek,€2.00m
Asmir Begovi?,€200k
Yanis Begraoui,€8.00m
Kevin Behrens,€600k
Alexis Beka Beka,€300k
Jérémie Bela,€175k
Youcef Belaïli,€1.50m
Haris Belkebla,€2.00m
Stefan Bell,€600k
Armel Bella Kotchap,€7.50m
Raoul Bellanova,€18.00m
Karim Bellarabi,-
Jean-Ricner Bellegarde,€16.00m
Héctor Bellerín,€2.50m
Jude Bellingham,€140.00m
Andrea Belotti,€1.50m
Fran Beltrán,€5.00m
Eliesse Ben Seghir,€20.00m
Salim Ben Seghir,€300k
Wissam Ben Yedder,€700k
Marco Benassi,-
Ismaël Bennacer,€9.00m
Saïd Benrahma,€9.00m
Ramy Bensebaini,€7.00m
Nabil Bentaleb,€5.00m
Rodrigo Bentancur,€22.00m
Karim Benzema,€6.00m
Domenico Berardi,€7.50m
Yuri Berchiche,€1.20m
Álex Berenguer,€5.00m
Bartosz Bereszy?ski,€450k
Patrick Berg,€8.00m
Mitchell van Bergen,€1.00m
Mergim Berisha,€1.50m
Quentin Bernard,€100k
Paul Bernardoni,€1.80m
Juan Bernat,€500k
Jason Berthomier,-
Beto,-
Owen Bevan,-
Matteo Bianchetti,€800k
Alessandro Bianco,€4.50m
Giulian Biancone,€2.50m
Ermin Bi?ak?i?,€250k
Pedro Bigas,€400k
Jaka Bijol,€18.00m
El Bilal Touré,€15.00m
Philip Billing,€7.00m
Jean-Claude Billong,-
Cristiano Biraghi,€1.40m
Samuele Birindelli,€2.50m
Veljko Birman?evi?,€4.50m
Tom Bischof,€40.00m
Yves Bissouma,€12.00m
Kristijan Bistrovi?,€1.80m
Leonardo Bittencourt,€1.20m
Marco Bizot,€2.50m
Blanco,-
Lautaro Blanco,€3.80m
Rubén Blanco,€800k
Ludovic Blas,€10.00m
Janis Blaswich,€700k
Miha Bla?i?,€400k
Joaquín Blázquez,€175k
Alexis Blin,€900k
Daley Blind,€1.40m
Myron Boadu,€5.00m
Jérôme Boateng,-
Kevin-Prince Boateng,-
Antonin Bobichon,€500k
Jean-Paul Boëtius,€400k
Jeremie Boga,€8.00m
Emil Bohinen,€1.30m
Quentin Boisgard,€400k
Willy Boly,€500k
Giacomo Bonaventura,-
Federico Bonazzoli,€2.50m
Warren Bondo,€7.50m
Theo Bongonda,€4.00m
Kevin Bonifazi,€300k
Leonardo Bonucci,-
Neto Borges,€2.60m
Yvandro Borges Sanches,€500k
Sebastiaan Bornauw,€8.00m
Rafael Borré,€4.00m
Erik Botheim,€3.50m
Sven Botman,€35.00m
Kenji-Van Boto,€300k
Badredine Bouanani,€12.00m
Hicham Boudaoui,€12.00m
Franci Bouebari,€250k
Sofiane Boufal,€2.00m
Yassine Bounou,€3.50m
Mehdi Bourabia,€200k
Benjamin Bourigeaud,€5.00m
Edoardo Bove,€5.00m
Jarrod Bowen,€35.00m
Lucas Boyé,€5.00m
Jayden Braaf,€400k
Domagoj Bradari?,€2.50m
Bilal Brahimi,€1.50m
Martin Braithwaite,€1.50m
Juan Brandáriz,€800k
Julian Brandt,€20.00m
Lilian Brassier,€12.00m
Claudio Bravo,-
Fabian Bredlow,€800k
James Bree,€2.50m
Josip Brekalo,€2.50m
Gleison Bremer,€35.00m
Armando Broja,€8.00m
Dylan Bronn,€800k
John Brooks,€300k
Moritz Broschinski,€1.00m
Marcelo Brozovi?,€9.00m
Cédric Brunner,-
Lewis Brunt,€800k
Jacob Bruun Larsen,€5.00m
Andreas Bruus,€750k
Bryan,€80.00m
Joe Bryan,€550k
Lee Buchanan,€1.80m
Ante Budimir,€3.00m
Emi Buendía,€18.00m
Hugo Bueno,€12.00m
Santiago Bueno,€10.00m
Adam Buksa,€4.00m
Marius Bülter,€2.00m
Cristian Buonaiuto,€300k
Facundo Buonanotte,€16.00m
Alessandro Buongiorno,€35.00m
Delano Burgzorg,€3.00m
Jonathan Burkardt,€35.00m
Oliver Burke,€4.00m
Dan Burn,€5.00m
Maxime Busi,€1.00m
Sergio Busquets,-
Aurélio Buta,€3.00m
Marcin Bu?ka,€17.00m
Jamie Bynoe-Gittens,€35.00m
Juan Cabal,€9.00m
Rémy Cabella,€1.50m
Jimmy Cabot,-
Leandro Cabrera,€1.00m
Liberato Cacace,€3.00m
Anthony Caci,€8.00m
Cafú,-
Moisés Caicedo,€110.00m
Tom Cairney,€750k
Jens Cajuste,€8.00m
Cala,-
Davide Calabria,€4.50m
Mattia Caldara,-
Luca Caldirola,€400k
Fernando Calero,€2.00m
Duje ?aleta-Car,€3.00m
Kerim Calhanoglu,€350k
Daniel Caligiuri,-
Alexander Callens,€300k
Dominic Calvert-Lewin,€22.00m
Mahdi Camara,€10.00m
Mohamed Camara,€11.00m
Ousmane Camara,€8.00m
Eduardo Camavinga,€50.00m
Nicolò Cambiaghi,€16.00m
Andrea Cambiaso,€30.00m
Axel Camblan,€600k
Sergio Camello,€2.00m
Chem Campbell,€1.00m
Emre Can,€4.00m
Sergio Canales,€4.50m
Matteo Cancellieri,€5.50m
João Cancelo,€9.00m
Antonio Candreva,-
Thomas Cannon,€8.00m
Sergi Canós,€800k
Ander Capa,-
Pierrick Capelle,€200k
Étienne Capoue,-
Gianluca Caprari,€750k
Francesco Caputo,-
Maxence Caqueret,€15.00m
Andrea Carboni,€2.50m
Valentin Carboni,€8.50m
Isaac Carcelen,€500k
Irvin Cardona,€2.50m
Igor Carioca,-
Carlos,-
Diego Carlos,€6.00m
Juan Carlos,-
José Carlos Lazo,€500k
Carmona,€12.00m
Marco Carnesecchi,€25.00m
Yannick Carrasco,€6.00m
Fabio Carvalho,€10.00m
Matis Carvalho,€250k
William Carvalho,€1.20m
Nicolò Casale,€5.00m
Casemiro,€8.00m
Matty Cash,€22.00m
Timothy Castagne,€10.00m
Michele Castagnetti,€300k
Koen Casteels,€4.00m
Valentín Castellanos,€28.00m
Jean-Charles Castelletto,€3.20m
Samu Castillejo,€375k
Jonny Castro,€2.50m
Gaetano Castrovilli,€750k
Danilo Cataldi,€3.50m
Catena,€2.80m
Yoann Cathline,€7.00m
Maximiliano Caufriez,€800k
Edinson Cavani,€500k
Dani Ceballos,€8.00m
Federico Ceccherini,€400k
Assan Ceesay,€600k
Emil Ceide,€1.80m
Zeki Çelik,€12.00m
Fabien Centonze,€1.20m
Franco Cervi,€700k
Julio César Enciso,€22.00m
Leonardo César Jardim,€7.00m
Julian Chabot,€15.00m
Florian Chabrolle,-
El Chadaille Bitshiabu,€15.00m
Fares Chaïbi,€15.00m
Nathaniel Chalobah,€700k
Trevoh Chalobah,€40.00m
Calum Chambers,€900k
Timothy Chandler,€350k
Gaëtan Charbonnier,-
Brendan Chardonnet,€5.00m
Xavier Chavalerin,€150k
Pep Chavarría,€10.00m
Rayan Cherki,€65.00m
Lucas Chevalier,€30.00m
Fabio Chiarodia,€3.00m
Federico Chiesa,€15.00m
Ben Chilwell,€12.00m
Vlad Chiriche?,€250k
Pedro Chirivella,€5.00m
Joris Chotard,€7.00m
Andreas Christensen,€9.00m
Oliver Christensen,€1.50m
Ryan Christie,€9.00m
Carney Chukwuemeka,€20.00m
Samuel Chukwueze,€15.00m
Darko Churlinov,€1.50m
Víctor Chust,€4.00m
Yanis Cimignani,€1.50m
Daniel Ciofani,-
Tio Cipot,€800k
Pathé Ciss,€2.00m
Souleymane Cissé,€75k
Patrick Ciurria,€1.00m
Bobby Clark,€7.00m
Alexis Claude-Maurice,€15.00m
Jonathan Clauss,€4.50m
Carlos Clerc,€200k
Nathaniel Clyne,€500k
Conor Coady,€1.50m
Marcus Coco,€850k
Alexandre Coeff,€200k
Jack Colback,-
Séamus Coleman,€300k
David ?olina,€750k
Álex Collado,€2.00m
Diego Collado,€400k
Omar Colley,€1.50m
Nathan Collins,€30.00m
Rayan Aït Nouri,Not Found
Emanuel Aiwum,Not Found
Jean-Daniel Akpa-Akpro,Not Found
Doðan Alemdar,Not Found
Éder Álvarez Balanta,Not Found
Mehmet-Can Aydin,Not Found
Mickaël Barreto,Not Found
Toma Bai?,Not Found
Jeanöel Belocian,Not Found
Victor Bernth Kristiansen,Not Found
Kouamé Botué,Not Found
Wassim Boullif,Not Found
Ismaëlben Boura,Not Found
Darko Braanac,Not Found
Hakan Çalhanoðlu,Not Found
Dani Carvajal,Not Found
Ilyes Cheti,Not Found
Tolga Ciðerci,Not Found
Lorenzo Colombo,€10.00m
Andrea Colpani,€5.00m
Levi Colwill,€50.00m
Kingsley Coman,€22.00m
Eray Cömert,€2.50m
Santi Comesaña,€8.00m
Andrea Consigli,Not Found
Abdu Conté,€700k
Andrea Conti,Not Found
Lewis Cook,€13.00m
Steve Cook,€300k
Liam Cooper,€300k
Copete,€10.00m
Diego Coppola,€10.00m
Francis Coquelin,€800k
Sébastien Corchia,Not Found
Maxwel Cornet,€2.50m
Jesús Corona,€1.80m
Ángel Correa,€9.00m
Joaquín Correa,€2.00m
Thierry Correia,€3.00m
Alessandro Cortinovis,€325k
Danny da Costa,€1.20m
David Pereira da Costa,€6.00m
Diego Costa,Not Found
Jaume Costa,Not Found
Logan Costa,€18.00m
Nuno da Costa,€500k
Samu Costa,€15.00m
Benoît Costil,Not Found
Vladimír Coufal,€2.70m
Lassana Coulibaly,€2.50m
Tanguy Coulibaly,€1.20m
Thibaut Courtois,€18.00m
Mathieu Coutadeur,Not Found
Philippe Coutinho,€2.50m
Yan Couto,€20.00m
Conor Coventry,€2.00m
Nicolas Cozza,€3.00m
Aaron Cresswell,€450k
Bryan Cristante,€7.00m
Domen ?rnigoj,€250k
Juan Cruz Armada,Not Found
Juan Cruz,€125k
Juan Cuadrado,€1.00m
Marc Cucurella,€50.00m
Jorge Cuenca,€8.00m
Braian Cufré,€1.50m
Mickaël Cuisance,€3.50m
Matheus Cunha,€70.00m
Curro,Not Found
Marco D'Alessandro,€175k
Danilo D'Ambrosio,Not Found
Luca D'Andrea,€500k
Damien Da Silva,€200k
Moanes Dabbur,€1.00m
Colin Dagba,€500k
Finn Dahmen,€12.00m
Mahmoud Dahoud,€2.00m
Patson Daka,€5.00m
Thijs Dallinga,€12.00m
Diogo Dalot,€30.00m
Muhammed Damar,€5.00m
Mikkel Damsgaard,€30.00m
Flavius Daniliuc,€3.00m
Danilo,€2.50m
Arnaut Danjuma,€4.00m
Kevin Danso,€20.00m
Dante,€500k
Márton Dárdai,€2.50m
Sergi Darder,€3.50m
Achraf Dari,€1.20m
Vladimír Darida,€400k
Matteo Darmian,€1.50m
Josh Dasilva,€2.00m
Jonathan David,€35.00m
Alphonso Davies,€45.00m
Ben Davies,€5.00m
Tom Davies,€3.00m
Pawe? Dawidowicz,€1.00m
Craig Dawson,€500k
Kevin De Bruyne,€10.00m
Charles De Ketelaere,€35.00m
Manuel De Luca,€1.50m
Rodrigo De Paul,€15.00m
Mattia De Sciglio,€400k
Lorenzo De Silvestri,€700k
Thibault De Smet,€2.00m
Koni De Winter,€23.00m
Grégoire Defrel,€350k
Duccio Degli Innocenti,€1.40m
Brecht Dejaegere,€300k
Romain Del Castillo,€7.00m
Alberto Del Moral,€800k
Thomas Delaine,€350k
Thomas Delaney,€800k
Sacha Delaye,€250k
Fran Delgado,€225k
Andy Delort,Not Found
Karamoko Dembele,€2.00m
Moussa Dembélé,€7.50m
Ousmane Dembélé,€100.00m
Siriki Dembélé,€1.20m
Merih Demiral,€14.00m
Kerem Demirbay,€1.20m
Ermedin Demirovi?,€22.00m
Diego Demme,€300k
Sepp van den Berg,€32.00m
Branco van den Boomen,€2.50m
Leander Dendoncker,€3.00m
Emmanuel Dennis,€2.00m
Fabio Depaoli,€900k
Kastriot Dermaku,Not Found
Halil Derviþoðlu,Not Found
Rémy Descamps,€2.00m
Mikkel Desler,€1.50m
Cyriel Dessers,€3.50m
Sergiño Dest,€18.00m
Mattia Destro,€200k
Gerard Deulofeu,€200k
Kiernan Dewsbury-Hall,€32.00m
Samuel Di Carmine,€200k
Federico Di Francesco,€750k
Michele Di Gregorio,€14.00m
Giovanni Di Lorenzo,€10.00m
Ángel Di María,€2.00m
Boulaye Dia,€7.00m
Moussa Diaby,€28.00m
Mouctar Diakhaby,€2.00m
Bafodé Diakité,€30.00m
Ibrahim Diakité,€1.20m
Abdou Diallo,€4.50m
Baila Diallo,€800k
Habib Diallo,€5.00m
Ibrahima Diallo,€3.80m
Ismael Diallo,€750k
Mamady Diarra,€250k
Mouhamadou Diarra,€32.00m
Moussa Diarra,€1.50m
Stéphane Diarra,Not Found
Youba Diarra,€400k
Rúben Dias,€60.00m
Krépin Diatta,€6.00m
Mory Diaw,€1.00m
Brahim Díaz,€35.00m
Luis Díaz,€70.00m
Justin Diehl,€1.80m
Bamba Dieng,€6.00m
Eric Dier,€5.00m
Florian Dietz,€250k
Lucas Digne,€8.00m
Federico Dimarco,€50.00m
Stole Dimitrievski,€2.00m
Junior Dina Ebimbe,€6.00m
Tristan Dingomé,Not Found
Eren Dinkçi,€6.00m
Sinaly Diomande,€5.00m
Lois Diony,€700k
Issa Diop,€10.00m
Sofiane Diop,€12.00m
Yehvann Diouf,€7.00m
Axel Disasi,€15.00m
Malcom Abdulai Ares Djalo,€1.20m
Tiago Djaló,€7.00m
Djené,€1.60m
Moussa Djenepo,€1.20m
Koffi Djidji,Not Found
Alexander Djiku,€4.00m
Berat Djimsiti,€5.00m
Moussa Djitte,€500k
Marko Dmitrovi?,€800k
Alan Do Marcolino,€175k
Ben Doak,€16.00m
Ritsu Doan,€20.00m
Dodô,€18.00m
Danilho Doekhi,€13.00m
Matt Doherty,€1.50m
Josh Doig,€5.00m
Jeremy Doku,€65.00m
Kasper Dolberg,€10.00m
Carlos Dominguez,€3.00m
Nicolás Domínguez,€16.00m
John Donald,€1.00m
Giulio Donati,€200k
Kyliane Dong,€600k
Gianluigi Donnarumma,€45.00m
Niklas Dorsch,€3.00m
Gabriel Dos Santos,€75.00m
Jodel Dossou,€125k
Lohann Doucet,€600k
Abdoulaye Doucouré,€6.00m
Cheick Doucouré,€13.00m
Ckene Doucouré,€275k
Désiré Doué,€90.00m
Guela Doué,€18.00m
Ismaël Doukouré,€20.00m
Kamory Doumbia,€9.00m
Souleyman Doumbia,€300k
Flynn Downes,€12.00m
Bart?omiej Dr?gowski,€2.00m
Cody Drameh,€3.00m
Dion Drena Beljo,€4.00m
Dominick Drexler,Not Found
Domingos Duarte,€800k
Marvin Ducksch,€2.00m
Ondrej Duda,€3.20m
Shane Duffy,€500k
Rémy Dugimont,-
Denzel Dumfries,€25.00m
Alfred Duncan,€1.00m
Lewis Dunk,€4.00m
Maxime Dupé,€800k
Jhon Durán,€25.00m
Pablo Durán,€4.00m
Hugo Duro,€12.00m
Jean-Kevin Duverne,€2.00m
Paulo Dybala,€5.00m
Edin D?eko,€1.50m
Malcolm Ebiowei,€750k
Festy Ebosele,€3.50m
Enzo Ebosse,€1.50m
Tyronne Ebuehi,€800k
Ederson,€13.00m
Éderson,€13.00m
Odsonne Édouard,€12.00m
Samuel Edozie,€5.00m
Maximilian Eggestein,€10.00m
Lilian Egloff,€1.50m
Íñigo Eguaras,€150k
Kingsley Ehizibue,€2.00m
Chidera Ejuke,€4.00m
Albin Ekdal,-
Hugo Ekitike,€90.00m
Emmanuel Ekong,€550k
Anthony Elanga,€40.00m
Alberth Elis,€300k
Mikael Ellertsson,€6.00m
Harvey Elliott,€22.00m
Elif Elmas,€14.00m
Mohamed Elneny,€1.50m
Aritz Elustondo,€1.80m
Nico Elvedi,€8.00m
Rodrigo Ely,€500k
Sepe Elye Wahi,Not Found
Mohamed Elyounoussi,€4.50m
Adri Embarba,Not Found
Breel Embolo,€12.00m
Emerson,€10.00m
Youssef En-Nesyri,€20.00m
Wataru Endo,€5.00m
Arne Engels,€18.00m
Christian Eriksen,€3.00m
Martin Erlic,€4.00m
Gonzalo Escalante,€500k
Sergio Escudero,€100k
Alfonso Espino,€1.00m
Bernardo Espinosa,-
Salvatore Esposito,€3.50m
Maxime Estève,€25.00m
Pervis Estupiñán,€14.00m
Jonny Evans,-
Edu Expósito,€5.00m
Eberechi Eze,€60.00m
Nicolás Ezequiel Fernández,€7.50m
Abdessamad Ezzalzouli,€30.00m
?ukasz Fabia?ski,€250k
Fabinho,€13.00m
Fábio,-
Noah Fadiga,€2.00m
Wout Faes,€10.00m
Nicolò Fagioli,€16.00m
Ralf Fährmann,-
Romain Faivre,€5.00m
Radamel Falcao,€100k
Wladimiro Falcone,€3.50m
Fali,€3.00m
Mamadou Fall,€400k
Davide Faraoni,Failed after retries
Ansu Fati,€15.00m
Khalil Fayad,€1.80m
Cheikh Faye,-
Federico Fazio,-
Jacopo Fazzini,€9.00m
Zouhair Feddal,-
Nabil Fekir,€5.50m
Felipe,€2.00m
Luiz Felipe,€3.00m
João Félix,€25.00m
Ohis Felix Uduokhai,€4.00m
Kiko Femenía,€800k
Evan Ferguson,€25.00m
Lewis Ferguson,€18.00m
Bruno Fernandes,€40.00m
Edimilson Fernandes,€2.50m
Aitor Fernández,€600k
Álex Fernández,€400k
Álvaro Fernández,€60.00m
Carlos Fernández,€1.00m
Enzo Fernández,€90.00m
Federico Fernández,-
Joaquín Fernández,€700k
Mateo Fernández,€3.50m
Fernando,-
Alex Ferrari,€250k
Salvador Ferrer,-
Jordan Ferri,€500k
Fidel,-
Karol Fila,€250k
Roberto Firmino,€4.50m
Junior Firpo,€5.00m
Kilian Fischer,€5.00m
Mark Flekken,€8.00m
Florian Flick,€600k
Alexis Flips,€400k
Alessandro Florenzi,-
Phil Foden,€80.00m
Datro Fofana,€5.00m
Seko Fofana,€8.00m
Wesley Fofana,€28.00m
Yahia Fofana,€5.00m
Youssouf Fofana,€25.00m
Thomas Foket,€400k
José Fonte,€100k
Pablo Fornals,€8.00m
Emil Forsberg,€2.00m
Adam Forshaw,€200k
Fraser Forster,€600k
Philipp Förster,€600k
Steven Fortes,-
Timothy Fosu-Mensah,€200k
Dimitri Foulquier,€1.00m
Juan Foyth,€10.00m
Raphael Framberger,-
Tyrese Francois,€300k
Bartol Franji?,€1.00m
Przemys?aw Frankowski,€7.00m
Ryan Fraser,€1.80m
Davide Frattesi,€22.00m
Fred,€10.00m
Ryan Fredericks,-
Iván Fresneda,€12.00m
Remo Freuler,€4.00m
Michael Frey,€500k
Marco Friedl,€12.00m
Marvin Friedrich,€1.80m
Jeremie Frimpong,€35.00m
Chris Führich,€10.00m
Angelo Fulgini,€5.00m
Niclas Füllkrug,€5.00m
Matteo Gabbia,€20.00m
Manolo Gabbiadini,€400k
Gianluca Gaetano,€5.00m
Roberto Gagliardini,€1.40m
Adolfo Gaich,€800k
Cody Gakpo,€65.00m
Javi Galán,€2.00m
Iñigo Ruiz de Galarreta,€2.50m
Pablo Galdames Millán,Not Found
Conor Gallagher,€35.00m
Antonino Gallo,€4.00m
Gauthier Gallon,€600k
Cristian Gamboa,-
Kévin Gameiro,-
Idrissa Gana Gueye,€1.00m
Ignatius Ganago,€2.00m
Silvère Ganvoula M'Boussy,€1.20m
Aleix García,€20.00m
Álvaro García,€1.80m
Borja García,-
Carlos García,-
Dani García,-
David García,€5.00m
Eric García,€35.00m
Francisco Garcia,-
Raúl García,-
Rubén García,€1.80m
Unai García,€500k
Alejandro Garnacho,€40.00m
James Garner,€35.00m
Felix Garreta,€200k
Sékou Gassama,€650k
Johan Gastien,€200k
Federico Gatti,€16.00m
Gavi,€30.00m
Paulo Gazzaniga,€2.00m
David de Gea,€3.50m
Dennis Geiger,€1.50m
Joe Gelhardt,€10.00m
Valentin Gendrey,€7.00m
Denis Genreau,€750k
Yannick Gerhardt,€2.00m
Valère Germain,-
Gerson,€20.00m
Ismaël Gharbi,€5.00m
Paolo Ghiglione,€500k
Saman Ghoddos,€1.30m
Faouzi Ghoulam,-
Morgan Gibbs-White,€60.00m
Niko Gießelmann,-
Samuel Gigot,€1.50m
Rafa? Gikiewicz,€100k
Óscar Gil,€700k
Mario Gila,€30.00m
Billy Gilmour,€20.00m
Álvaro Giménez,€150k
Gvidas Gineitis,€5.50m
Matthias Ginter,€6.00m
Andrei Girotto,€2.50m
Olivier Giroud,€1.00m
Serge Gnabry,€20.00m
Degnand Gnonto,Not Found
Ben Godfrey,€5.50m
Pierluigi Gollini,€800k
Aleksandr Golovin,€18.00m
André Gomes,€3.50m
Angel Gomes,€12.00m
João Gomes,€35.00m
Toti Gomes,€20.00m
Dani Gómez,€800k
Joe Gomez,€15.00m
Maxi Gómez,€2.00m
Moi Gómez,€1.80m
Papu Gómez,€900k
Sergi Gómez,€500k
Sergio Gómez,€15.00m
Maxime Gonalons,-
Diego González,€5.00m
Édgar González,€1.20m
Giovanni González,€2.50m
Joan Gonzàlez,-
Nicolás González,€45.00m
Oumar Gonzalez,€1.00m
Roberto González,€700k
Jacek Góralski,€100k
Anthony Gordon,€60.00m
Leon Goretzka,€15.00m
Andoni Gorosabel,€4.00m
Robin Gosens,€4.50m
Mario Götze,€3.50m
Amine Gouiri,€28.00m
Jeffrey Gouweleeuw,€1.00m
Jonathan Gradit,€3.00m
José Gragera,€1.50m
Alberto Grassi,€1.80m
Ryan Gravenberch,€90.00m
Andrew Gravillon,€1.00m
Demarai Gray,€3.50m
Adrian Grbi?,€900k
Ivo Grbi?,€1.20m
Jack Grealish,€25.00m
Sam Greenwood,€2.50m
Michael Gregoritsch,€1.50m
Leo Greiml,€1.50m
Clément Grenier,-
Antoine Griezmann,€10.00m
Vincenzo Grifo,€5.00m
Lennart Grill,€450k
Christian Groß,-
Pascal Groß,€3.50m
Brajan Gruda,€28.00m
Ilia Gruev,€12.00m
Carlos Gruezo,€1.20m
Vicente Guaita,€100k
Andrés Guardado,-
Sergi Guardiola,€300k
Nemanja Gudelj,€2.50m
Gabriel Gudmundsson,€20.00m
Gonçalo Guedes,€6.00m
Axel Gueguin,€150k
Marc Guéhi,€65.00m
Mattéo Guendouzi,€28.00m
Raphaël Guerreiro,€6.00m
Evann Guessand,€28.00m
Ander Guevara,€3.00m
Pape Gueye,€40.00m
Josuha Guilavogui,€200k
Frederic Guilbert,€800k
Hugo Guillamón,€2.00m
Bruno Guimarães,€75.00m
Sehrou Guirassy,€40.00m
Rafik Guitane,€5.00m
Péter Gulácsi,€2.00m
Manuel Gulde,-
Gerard Gumbau,€1.40m
Robert Gumny,€800k
Ýlkay Gündoðan,Not Found
Christian Günter,€2.00m
Koray Günter,€700k
Gorka Guruzeta,€5.00m
Malo Gusto,€35.00m
Raúl Guti,€1.00m
Miguel Gutiérrez,€17.00m
Joko Gvardiol,Not Found
Darko Gyabi,€1.80m
Emmanuel Gyasi,€1.00m
Norbert Gyömbér,€900k
Christian Gytkjær,Not Found
Erling Haaland,€200.00m
Nicolas Haas,€700k
Janik Haberer,€2.50m
Alexander Hack,€600k
Munir El Haddadi,€1.50m
Jaouen Hadjam,€8.00m
André Hahn,-
Amadou Haidara,€6.00m
Massadio Haïdara,€800k
Achraf Hakimi,€80.00m
Lewis Hall,€35.00m
Sébastien Haller,€1.30m
Marcel Halstenberg,-
Mathis Hamdi,€200k
Romain Hamouma,-
Andreas Hanche-Olsen,€4.00m
Samir Handanovi?,-
Genki Haraguchi,€300k
Amine Harit,€5.00m
Luke Harris,€900k
Jack Harrison,€8.00m
Abdou Harroui,€1.80m
Makoto Hasebe,-
Hans Hateboer,€2.00m
Kai Havertz,€50.00m
Eden Hazard,-
Thorgan Hazard,€2.50m
Rhys Healey,€350k
Jan Paul van Hecke,€35.00m
Jonas Hector,-
Hwang Hee-chan,Not Found
Gauthier Hein,€5.00m
Dominique Heintz,€700k
Dean Henderson,€28.00m
Jordan Henderson,€2.00m
Liam Henderson,€1.00m
Jack Hendry,€2.50m
Wayne Hennessey,-
Benjamin Henrichs,€9.00m
Henrique,€24.00m
Luiz Henrique,€24.00m
Matheus Henrique,€4.50m
Rico Henry,€32.00m
Thomas Henry,€800k
Christophe Hérelle,€250k
Mario Hermoso,€7.00m
Aridane Hernández,€100k
Lucas Hernández,€20.00m
Luis Hernández,-
Mario Hernández,€100k
Theo Hernández,€28.00m
Ander Herrera,€500k
Sergio Herrera,€3.00m
Yangel Herrera,€9.00m
Patrick Herrmann,-
Son Heung-min,Not Found
Aaron Hickey,€16.00m
Isak Hien,€22.00m
Omar El Hilali,€15.00m
Piero Hincapié,€50.00m
Morten Hjulmand,€45.00m
Adam Hlo?ek,€12.00m
Joseph Hodge,€700k
Nicolas Höfler,€500k
Jonas Hofmann,€2.00m
Philipp Hofmann,€750k
Rob Holding,€3.00m
Lucas Höler,€3.00m
Mason Holgate,€3.00m
Emil Holm,€13.00m
Noah Holm,€1.00m
Gerrit Holtmann,€700k
Martin Hongla,€1.20m
Franck Honorat,€10.00m
Jannes Horn,€1.20m
Cédric Hountondji,€500k
Ilyes Housni,-
Luká Hrádeck?,Not Found
Petko Hristov,€2.50m
Ajdin Hrustic,€700k
Timo Hübers,€2.50m
Callum Hudson-Odoi,€30.00m
Will Hughes,€6.00m
Mats Hummels,-
Adrien Hunou,€300k
Denis Huseinbasic,€3.00m
Omari Hutchinson,€30.00m
Elseid Hysaj,€1.50m
Pierre Højbjerg,Not Found
Rasmus Højlund,€50.00m
Iago,-
Pablo Ibáñez,-
Roger Ibanez,€17.00m
Arijon Ibrahimovi?,€6.00m
Mounaim El Idrissy,€500k
Iglesias,€1.80m
Borja Iglesias,€3.00m
Igor,€50.00m
Kelechi Iheanacho,€3.00m
Jonathan Ikone,€4.00m
Ivan Ili?,€10.00m
Rareþ Ilie,Not Found
Samuel Iling-Junior,€8.00m
Emirhan Ýlkhan,Not Found
Asier Illarramendi,€500k
Ciro Immobile,€2.00m
Danny Ings,€2.50m
Marcus Ingvartsen,€2.50m
Bonke Innocent,€200k
Alexander Isak,€100.00m
Isco,€4.00m
Ismaily,€400k
Ardian Ismajli,€5.00m
Ko Itakura,€10.00m
Hiroki Ito,€18.00m
Junya Ito,€3.50m
Andreas Ivan,-
Alex Iwobi,€25.00m
Armando Izzo,€1.30m
Nicolas Jackson,€40.00m
Lee Jae-sung,Not Found
Paul Jaeckel,€1.00m
Mato Jajalo,-
Kristijan Jaki?,€6.00m
Jan Jakob Olschowsky,€450k
Ismail Jakobs,€8.00m
Marin Jakoli,Not Found
Daniel James,€12.00m
Reece James,€60.00m
Vitaly Janelt,€18.00m
Saidy Janko,€800k
Pontus Jansson,€700k
Tony Jantschke,-
Adnan Januzaj,€1.20m
Javi,€700k
Luis Javier Suárez,€28.00m
Dany Jean,€700k
Julian Jeanvier,-
Fredrik Jensen,€2.50m
Mathias Jensen,€12.00m
Moritz Jenz,€5.00m
Gabriel Jesus,€20.00m
Juan Jesus,€1.50m
Raúl Jiménez,€4.00m
Joaquín,€700k
Joelinton,€30.00m
?órir Jóhann Helgason,€2.30m
Ben Johnson,€7.00m
Brennan Johnson,€35.00m
Paul Joly,€2.50m
Curtis Jones,€35.00m
Frenkie de Jong,€45.00m
Joan Jordán,€2.00m
Filip Jörgensen,€15.00m
Jorginho,€5.00m
Josan,-
Willian José,€1.40m
Joselu,€3.50m
Diogo Jota,-
Stevan Joveti?,€300k
Luka Jovi?,€7.00m
Juanmi,€1.20m
Juanpe,€500k
Jubal,€2.00m
Christopher Jullien,€700k
Anthony Jung,€700k
Lago Junior,€100k
Hamed Junior Traorè,€15.00m
Vinicius Júnior,€150.00m
Josip Juranovi?,€2.50m
James Justin,€12.00m
Mathias Jørgensen,€300k
Ozan Kabak,€10.00m
Issa Kaboré,€4.00m
Abdoul Kader Bamba,€1.00m
Pavel Kade?ábek,€1.20m
Tino Kadewere,€1.80m
Kaiky,€1.50m
Florian Kainz,€1.00m
Gaël Kakuta,€300k
Sasa Kalajdzic,€2.00m
Arnaud Kalimuendo,€25.00m
Yayah Kallon,€400k
Felix Kalu Nmecha,€50.00m
Gedeon Kalulu,€1.30m
Pierre Kalulu,€32.00m
Daichi Kamada,€12.00m
Waren Kamanzi,Not Found
Bingourou Kamara,€700k
Boubacar Kamara,€40.00m
Jakub Kami?ski,€12.00m
Marcin Kami?ski,€300k
Kevin Kampl,-
Nordine Kandil,€1.00m
Harry Kane,€65.00m
Wilfried Kanga,€3.00m
Lee Kangin,Not Found
N'Golo Kanté,€4.50m
Kenan Karaman,€2.00m
Yann Karamoh,€1.50m
Atakan Karazor,€9.00m
Jon Karrikaburu,€2.00m
Rick Karsdorp,€2.50m
Denso Kasius,€6.00m
Thomas Kastanaras,€300k
Grigoris Kastanos,€1.30m
Silas Katompa,€3.00m
Moise Kean,€40.00m
Michael Keane,€4.00m
Neeskens Kebano,-
Kévin Keben Biakolo,€1.60m
Thilo Kehrer,€15.00m
Check Keita,€3.00m
Naby Keïta,€1.50m
Yannik Keitel,€2.00m
Lloyd Kelly,€20.00m
Marc-Oliver Kempf,Not Found
Kenedy,€700k
Jonjoe Kenny,€2.50m
Franck Kessié,€12.00m
Saîf-Eddine Khaoui,€700k
Wahbi Khazri,-
Rani Khedira,€2.00m
Anthony Khelifa,€50k
Kike,€8.00m
Luca Kilian,€100k
Max Kilman,€16.00m
Joshua Kimmich,€40.00m
Presnel Kimpembe,€4.00m
Jakub Kiwior,€27.00m
Simon Kjær,Not Found
Mateusz Klich,€300k
Lukas Klostermann,€3.50m
Justin Kluivert,€30.00m
Ansgar Knauff,€15.00m
Robin Knoche,€500k
Gregor Kobel,€40.00m
Robin Koch,€15.00m
Dominik Kohr,€2.00m
Koke,€6.00m
Sead Kolainac,Not Found
Luca Koleosho,€4.00m
Randal Kolo Muani,€22.00m
Timothée Kolodziejczak,€200k
Ibrahima Konaté,€50.00m
Geoffrey Kondogbia,€4.00m
Ibrahima Koné,€500k
Kouadio Koné,€50.00m
Youssouf Koné,€250k
Ezri Konsa,€40.00m
Teun Koopmeiners,€20.00m
Odilon Kossonou,Not Found
Filip Kosti?,€3.50m
Christian Kouamé,€2.00m
Rominigue Kouamé,€1.00m
Tomá Koubek,Not Found
Kalidou Koulibaly,€5.00m
Jules Koundé,€65.00m
Boubakar Kouyaté,Not Found
Cheikhou Kouyaté,€100k
Mateo Kova?i?,€12.00m
Viktor Kovalenko,€700k
Soichiro Kozuki,€300k
Emil Krafth,€1.00m
Alex Král,€2.50m
Andrej Kramari?,€3.00m
Christoph Kramer,-
Tom Krauß,€4.50m
Julian Kristoffersen,-
Raimonds Krollis,€1.30m
Toni Kroos,-
Rade Kruni?,€4.00m
Max Kruse,-
Lukas Kübler,€1.50m
Takefusa Kubo,€30.00m
Dejan Kulusevski,€35.00m
Sael Kumbedi,€12.00m
Marash Kumbulla,€4.00m
Pierre Kunde,-
Alou Kuol,€350k
Layvin Kurzawa,€750k
Khvicha Kvaratskhelia,€90.00m
Grejohn Kyei,€400k
Daniel Kyereh,Not Found
Giorgos Kyriakopoulos,€2.00m
César de la Hoz,€150k
Luca de la Torre,€3.00m
Rémy Labeau Lascary,€3.00m
Gaëtan Laborde,€3.50m
Alexandre Lacazette,€5.00m
Qazim Laçi,€2.80m
Maxence Lacroix,€40.00m
Alban Lafont,€3.00m
Aïssa Laïdouni,€3.80m
Konrad Laimer,€32.00m
Stefan Lainer,€1.00m
Kenny Lala,€1.80m
Adam Lallana,-
Vassilis Lambropoulos,Not Found
Érik Lamela,-
Mohamed Lamine Bayo,€4.00m
Sam Lammers,€3.00m
Tariq Lamptey,€5.00m
Manuel Lanzini,€1.00m
Aymeric Laporte,€9.00m
Julien Laporte,€900k
Cyle Larin,€3.50m
Juan Larios,€1.50m
Yasser Larouci,€1.50m
Jordan Larsson,€3.00m
Kevin Lasagna,€500k
Jamaal Lascelles,€1.20m
Latasa,€1.50m
Toni Lato,€1.50m
Danny Latza,€125k
Armand Lauriente,€18.00m
Roméo Lavia,€25.00m
Lázaro,€200k
Valentino Lazaro,€4.00m
Marko Lazeti?,€800k
Darko Lazovi?,€500k
Manuel Lazzari,€2.00m
Théo Le Bris,€4.50m
Julien Le Cardinal,€1.50m
Jérémy Le Douaron,€2.50m
Enzo Le Fée,€25.00m
Vincent Le Goff,-
Maxime Le Marchand,-
Robin Le Normand,€25.00m
Rafael Leão,€65.00m
Paolo Lebas,-
Benjamin Lecomte,€1.20m
Jeremías Ledesma,€1.80m
Pierre Lees-Melou,€5.00m
Diogo Leite,€12.00m
Maxim Leitsch,€1.00m
Florian Lejeune,€2.00m
Iñigo Lekue,€1.20m
Thomas Lemar,€2.00m
Félix Lemaréchal,€8.00m
Dexter Lembikisa,€1.20m
Mario Lemina,€5.00m
Tim Lemperle,€15.00m
Clément Lenglet,€5.00m
Bernd Leno,€8.00m
Christopher Lenz,€400k
Sergio León,-
Johann Lepenant,€7.00m
Mehdi Léris,€2.00m
Jefferson Lerma,€8.00m
Benjamin Leroy,€100k
Léo Leroy,€3.00m
Ruan Levine,-
Robert Lewandowski,€8.00m
Jamie Leweling,€40.00m
Jamal Lewis,€2.00m
Rico Lewis,€32.00m
Keane Lewis-Potter,€25.00m
Dimitri Liénard,-
Philipp Lienhart,€12.00m
Matthijs de Ligt,€40.00m
Victor Lindelöf,€6.00m
Jesper Lindstrøm,€5.00m
Karol Linetty,€1.50m
Jesse Lingard,€2.20m
Pol Lirola,€2.00m
Mateusz Lis,€2.50m
Marcin Listkowski,€100k
Dejan Ljubicic,€2.50m
Javier Llabrés,€800k
Diego Llorente,€3.00m
Marcos Llorente,€22.00m
Hugo Lloris,€1.00m
Giovani Lo Celso,€10.00m
Stanislav Lobotka,€15.00m
Manuel Locatelli,€25.00m
Luka Lochoshvili,€2.50m
Banzouzi Locko,Not Found
Renan Lodi,€12.00m
Ruben Loftus-Cheek,€10.00m
Sean Longstaff,€16.00m
Ademola Lookman,€40.00m
Anthony Lopes,€1.00m
Rony Lopes,€1.20m
David López,€800k
Diego López,-
Maxime Lopez,€5.00m
Pau López,€2.50m
Unai López,€2.50m
Dion Lopy,€4.00m
Anthony Losilla,-
Jordan Lotomba,€3.50m
Matteo Lovato,€2.20m
Dejan Lovren,€500k
Sandi Lovri?,€4.50m
Jamal Lowe,€800k
Anthony Lozano,€700k
Hirving Lozano,€5.00m
Pol Lozano,€6.00m
Jean Lucas,€12.00m
Jhon Lucumí,€25.00m
José Luis Gayà,€5.00m
José Luis Morales,€300k
José Luis Palomino,€550k
Douglas Luiz,€20.00m
Romelu Lukaku,€12.00m
Castello Lukeba,€45.00m
Dodi Lukebakio,€20.00m
Saa Luki?,Not Found
Andriy Lunin,€15.00m
Andrey Lunyov,€1.00m
Sebastiano Luperto,€4.00m
Lyanco,€5.00m
Charalambos Lykogiannis,Not Found
Youssouf M'Changama,€175k
Awer Mabil,€400k
Alexis Mac Allister,€80.00m
Deiver Machado,€2.00m
Darwin Machís,€400k
James Maddison,€25.00m
Noni Madueke,€50.00m
Pablo Maffeo,€5.00m
Lisandro Magallán,€1.20m
Soungoutou Magassa,€17.00m
Giulio Maggiore,€900k
Giangiacomo Magnani,€1.40m
Hugo Magnetti,€6.00m
Yohann Magnin,€1.00m
Harry Maguire,€10.00m
Jon Magunacelaya,Not Found
Riyad Mahrez,€7.00m
Arne Maier,€2.00m
Mike Maignan,€25.00m
Linton Maina,€3.00m
Ainsley Maitland-Niles,€10.00m
Lovro Majer,€10.00m
Jean-Victor Makengo,€6.00m
Béni Makouana,€300k
Nemanja Maksimovi?,€4.20m
Tyrell Malacia,€5.00m
Lorenzo Malagrida,€150k
Daniel Maldini,€10.00m
Youssef Maleh,€1.00m
Donyell Malen,€35.00m
Ruslan Malinovskyi,€2.50m
Hugo Mallo,-
Mickael Malsa,€300k
Giorgi Mamardashvili,€28.00m
Hianga Mananga Mbock,Not Found
Gianluca Mancini,€15.00m
Steve Mandanda,-
Reinildo Mandava,€5.00m
Aïssa Mandi,€1.00m
Rolando Mandragora,€10.00m
Sadio Mané,€7.00m
Orel Mangala,€10.00m
Thomas Mangani,-
Vito Mannone,-
Javier Manquillo,-
Myziane Maolida,€800k
Faitout Maouassa,€800k
Sekou Mara,€4.00m
Maranhão,€1.50m
Marcão,€2.50m
Solly March,€2.00m
Agustín Marchesín,€700k
Vincent Marchetti,€2.00m
Riccardo Marchizza,€1.00m
Gian Marco Ferrari,-
Emiliano Marcondes,€800k
Óscar de Marcos,-
José Mari,€12.00m
Pablo Marí,€2.50m
José María Giménez,€12.00m
Mariano,€5.00m
Pablo Marín,€8.00m
R?zvan Marin,€3.50m
Guillermo Maripán,€3.00m
Marlon,€2.50m
Omar Marmoush,€60.00m
Marquinhos,€30.00m
Luca Marrone,€75k
Eric Martel,€8.00m
Roger Martí,€300k
Anthony Martial,€5.00m
Aarón Martín,€7.00m
Ander Martin,€1.80m
Andrés Martín,-
Iván Martín,€6.00m
Jonas Martin,€300k
Martinelli,€45.00m
Arnau Martinez,€10.00m
Emiliano Martínez,€15.00m
Iñigo Martínez,€4.50m
Lautaro Martínez,€85.00m
Lisandro Martínez,€40.00m
Lucas Martínez Quarta,€4.50m
Roger Martínez,€1.50m
Gelson Martins,€2.50m
Adam Marui?,Not Found
Omar Mascarell,€800k
Adam Masina,€1.00m
Jordi Masip,-
Erhan Maovi?,Not Found
Han-Noah Massengo,€6.00m
Yanis Massolin,€4.00m
Jaime Mata,€100k
Pape Matar Sarr,€32.00m
Eliot Matazo,€2.00m
Jean-Philippe Mateta,€35.00m
Nemanja Mati?,€1.80m
Joël Matip,-
Henning Matriciani,€350k
Chrislain Matsima,€22.00m
Azor Matusiwa,€11.00m
Neal Maupay,€4.00m
Aïman Maurer,€500k
Stephy Mavididi,€8.00m
Konstantinos Mavropanos,€15.00m
Christian Mawissa,€15.00m
Philipp Max,€600k
Eric Maxim Choupo-Moting,€1.20m
Luís Maximiano,€3.50m
Fernand Mayembo,€650k
Borja Mayoral,€7.50m
Noussair Mazraoui,€20.00m
Pasquale Mazzocchi,€1.70m
Kevin Mbabu,€3.00m
Kylian Mbappé,€200.00m
Mamadou Mbaye,€450k
Chancel Mbemba,€2.50m
Bryan Mbeumo,€80.00m
Jason Mbock,€75k
Nathanael Mbuku,€2.00m
John McGinn,€15.00m
Scott McKenna,€4.00m
Weston McKennie,€30.00m
Dwight McNeil,€20.00m
Scott McTominay,€45.00m
Gary Medel,€50k
Facundo Medina,€18.00m
Ben Mee,€500k
Bamo Meïté,€7.00m
Soualiho Meïté,€1.80m
Farid El Melali,€1.50m
Gonzalo Melero,€600k
Birger Meling,€1.50m
Memphis,€8.00m
Houboulang Mendes,€700k
Nuno Mendes,€75.00m
Thiago Mendes,€1.50m
Brais Méndez,€12.00m
Diego Méndez,€50k
Antoine Mendy,€6.00m
Arial Mendy,€350k
Batista Mendy,€10.00m
Edouard Mendy,€4.50m
Ferland Mendy,€6.00m
Nampalys Mendy,€1.20m
Gideon Mensah,€3.50m
Chris Mepham,€3.50m
Alex Meret,€14.00m
Mikel Merino,€30.00m
Quentin Merlin,€12.00m
Yýldýrým Mert Çetin,Not Found
Roque Mesa,€300k
Illan Meslier,€10.00m
Lionel Messi,€15.00m
Junior Messias,€1.20m
Thomas Meunier,€1.80m
Alexander Meyer,€800k
Sven Michel,€300k
Alexander Mighten,€700k
Tommaso Milanese,€500k
Nikola Milenkovi?,€30.00m
Arkadiusz Milik,€1.50m
Sergej Milinkovi?-Savi?,€15.00m
Vanja Milinkovi?-Savi?,€20.00m
Éder Militão,€25.00m
Luka Milivojevi?,€700k
Luis Milla,-
Pere Milla,€1.20m
Enzo Millot,€28.00m
James Milner,€750k
Marko Milovanovi?,€2.00m
Kim Min-jae,Not Found
Yerry Mina,€3.00m
Takumi Minamino,€12.00m
Tyrone Mings,€4.00m
Óscar Mingueza,€18.00m
Rafa Mir,€4.00m
Aleksei Miranchuk,€8.00m
Juan Miranda,€15.00m
Fabio Miretti,€16.00m
Tyrick Mitchell,€25.00m
Kaoru Mitoma,€25.00m
Aleksandar Mitrovi?,€12.00m
Stefan Mitrovi?,€900k
Maximilian Mittelstädt,€18.00m
Henrikh Mkhitaryan,€3.50m
Anthony Modeste,€50k
Luka Modri?,€4.00m
Terem Moffi,€10.00m
Mostafa Mohamed,€4.00m
Tobias Mohr,€900k
Johan Mojica,€1.80m
Clinton Mola,€250k
Nahuel Molina,€15.00m
Salvatore Molina,€300k
Florent Mollet,€400k
Jon Moncayola,€7.00m
Monchu,€6.00m
César Montes,€7.00m
Daniele Montevago,€300k
Gonzalo Montiel,€4.50m
Lorenzo Montipò,€1.30m
Martín Montoya,-
Kieffer Moore,€1.50m
Andrew Moran,€2.00m
Álvaro Morata,€8.00m
Jon Morcillo,€2.00m
Alberto Moreno,€1.00m
Álex Moreno,€3.50m
Diego Moreno,-
Gerard Moreno,€2.80m
Marlos Moreno,€500k
Tete Morente,€1.80m
Ilaix Moriba,€10.00m
Manu Morlanes,€2.40m
Nikola Moro,€6.50m
Loren Morón,€2.50m
Cristhian Mosquera,€35.00m
Dany Mota,€3.00m
Lebo Mothiba,€900k
Youssoufa Moukoko,€7.00m
Steve Mounié,€1.80m
Mason Mount,€30.00m
Lucas Moura,€2.50m
Bevic Moussiti-Oko,-
João Moutinho,€500k
Samuel Moutoussamy,€1.20m
Divin Mubama,€6.00m
Mykhailo Mudryk,Not Found
Nordi Mukiele,€18.00m
Mert Müldür,€7.00m
Florian Müller,€1.20m
Thomas Müller,€5.00m
Abdul Mumin,€4.00m
Marshall Munetsi,€12.00m
Iker Muniain,-
Aihen Muñoz,€3.50m
Pablo Muñoz,€250k
Luis Muriel,€900k
Jeison Murillo,€500k
Vedat Muriqi,€4.50m
Jacob Murphy,€15.00m
Nicola Murru,€100k
Yunus Musah,€18.00m
Jamal Musiala,€120.00m
Juan Musso,€3.00m
Suliman Mustapha,Not Found
Yvon Mvogo,€3.00m
Enock Mwepu,-
Vitaliy Mykolenko,€25.00m
Joakim Mæhle,Not Found
Obite N'Dicka,Not Found
Nathan N'Goumou,Not Found
Stanley N'Soki,Not Found
Nacho,€1.80m
Nikolas Nartey,€7.00m
Juanjo Narváez,€350k
Matija Nastasi?,€700k
Roberto Navarro,-
Jesús Navas,-
Keylor Navas,€800k
Michel Ndary Adopo,€6.00m
Youssouf Ndayishimiye,€8.00m
Papa Ndiaga Yade,€450k
Wilfred Ndidi,€10.00m
Tanguy Ndombele,€3.00m
Álvaro Negredo,-
Reiss Nelson,€12.00m
Ilija Nestorovski,€200k
Neto,€60.00m
Pedro Neto,€60.00m
Luca Netz,€6.00m
Manuel Neuer,€4.00m
Florian Neuhaus,€3.50m
Rúben Neves,€25.00m
Neymar,€10.00m
Jessic Ngankam,€1.00m
Cyril Ngonge,€8.00m
Moussa Niakhate,€18.00m
Ibrahima Niane,-
M'Baye Niang,€800k
Tanguy Nianzou,€1.40m
Rasmus Nicolaisen,€5.00m
Hans Nicolussi Caviglia,€6.00m
Florian Niederlechner,€300k
Saúl Ñíguez,€2.00m
Dimitris Nikolaou,€1.00m
Fernando Niño,€2.00m
Rasmus Nissen,€12.00m
Justin Njinmah,€7.00m
Eddie Nketiah,€14.00m
Christopher Nkunku,€28.00m
Lukas Nmecha,€10.00m
Diego Noguerol,Not Found
Arnaud Nordin,€4.00m
Riad Nouri,-
Hugo Novoa,€800k
Randy Ntekja,Not Found
Alexander Nübel,€12.00m
Matheus Nunes,€45.00m
Darwin Núñez,€25.00m
Unai Núñez,€3.50m
Bram Nuytinck,€250k
Ethan Nwaneri,€40.00m
Gerzino Nyamsi,€4.00m
Ørjan Nyland,€900k
M'Bala Nzola,€4.50m
Christian Nørgaard,€7.00m
Lewis O'Brien,€6.00m
Pedro Obiang,€400k
Jan Oblak,€17.00m
Brian Ocampo,€1.00m
Lucas Ocampos,€4.50m
Guillermo Ochoa,€300k
Wilson Odobert,€20.00m
Tim Oermann,€4.00m
Angelo Ogbonna,€100k
Florent Ogier,Failed after retries
David Okereke,€1.50m
Caleb Okoli,€12.00m
Olasagasti,€1.80m
Lucas Olaza,€4.00m
Finn Ole Becker,€1.50m
Mathias Olesen,€700k
Michael Olise,€140.00m
Brian Oliván,€800k
Lucas Oliveira Rosa,€4.00m
Mathías Olivera,€15.00m
Dani Olmo,€60.00m
Robin Olsen,€600k
Warmed Omari,€3.50m
Jonas Omlin,€1.50m
Ado Onaiwu,€700k
Amadou Onana,€45.00m
André Onana,€12.00m
Jean Onana,€1.30m
Karim Onisiwo,€500k
Josh Onomah,€300k
Paul Onuachu,€6.00m
Frank Onyeka,€7.00m
Loïs Openda,€32.00m
Willi Orban,€6.00m
Ivan Ordets,€750k
Divock Origi,€400k
Aimar Oroz,€9.00m
Mislav Ori?,Not Found
Riccardo Orsolini,€18.00m
Pedro Ortiz,€300k
Jordi Osei-Tutu,€400k
Victor Osimhen,€75.00m
Patrick Osterhage,€12.00m
Paulo Otávio,€2.70m
Dango Ouattara,€35.00m
Remi Oudin,€1.20m
Zinédine Ould Khaled,€400k
Azzedine Ounahi,€10.00m
Adam Ounas,€1.50m
Thomas Ouwejan,€900k
Reece Oxford,€300k
Alex Oxlade-Chamberlain,€1.50m
Mikel Oyarzabal,€25.00m
Salih Özcan,€3.50m
Cenk Özkacar,€3.00m
David Ozoh,€1.80m
Levin Öztunalý,Not Found
Fernando Pacheco,€700k
Jon Pacheco,€6.00m
Gonçalo Paciência,€700k
Simone Pafundi,€5.00m
Exequiel Palacios,€30.00m
Helibelton Palacios,€450k
Ante Palaversa,€550k
Isaac Palazón Camacho,€3.00m
João Palhinha,€18.00m
Nicolas Pallois,€300k
Cole Palmer,€110.00m
Erik Palmer-Brown,€1.50m
Emerson Palmieri,€10.00m
Milo Pantovi?,Not Found
Flavio Paoletti,€650k
Antonios Papadopoulos,€3.50m
Lucas Paquetá,€35.00m
Aitor Paredes,€15.00m
Kevin Paredes,€3.00m
Leandro Paredes,€5.00m
Daniel Parejo,€1.20m
Fabiano Parisi,€6.00m
Moises Parra Gutierrez,€250k
Raúl Parra,€200k
Thomas Partey,€2.50m
Marco Paali?,Not Found
Mario Paali?,Not Found
Felix Passlack,€700k
Javier Pastore,-
Patric,-
Rui Patrício,-
Nathan Patterson,€10.00m
Paulinho,-
Gabriel Paulista,€700k
Benjamin Pavard,€15.00m
Ji?í Pavlenka,€800k
Dimitri Payet,-
Ben Pearson,€900k
Kristian Pedersen,€400k
Mads Pedersen,€1.00m
Alfonso Pedraza,€2.50m
Pedri,€150.00m
Pedro,€1.00m
Jordan Pefok,€2.00m
Gianluca Pegolo,-
Peter Pekarík,€100k
Pietro Pellegri,€1.00m
Lorenzo Pellegrini,€9.00m
Luca Pellegrini,€3.50m
Facundo Pellistri,€6.00m
Timothee Pembele,€2.00m
Rubén Peña,€500k
Patrick Pentz,€2.20m
Nicolas Pépé,€6.00m
Ricardo Pepi,€25.00m
Pepín,€150k
Alberto Perea,-
Juan Perea,€700k
Andreas Pereira,€15.00m
Brayann Pereira,€1.00m
Danilo Pereira,€4.00m
Mathias Pereira Lage,€3.50m
Ricardo Pereira,€3.00m
Roberto Pereyra,€800k
Ayoze Pérez,€6.00m
Carles Pérez,€1.80m
Francisco Perez,€3.00m
Kike Pérez,€2.40m
Lucas Pérez,€300k
Luis Pérez,-
Nehuén Pérez,€13.00m
Mattia Perin,€2.00m
Ivan Perii?,Not Found
Romain Perraud,€7.00m
Gaëtan Perrin,€6.00m
Lucas Perrin,€2.00m
Matteo Pessina,€5.00m
Andrea Petagna,€500k
Nils Petersen,-
Lukas Petkov,€2.50m
Germán Pezzella,€1.00m
Giuseppe Pezzella,€2.50m
Luca Pfeiffer,€500k
Maximilian Philipp,€600k
Kalvin Phillips,€5.00m
Nathaniel Phillips,€3.00m
Krzysztof Pi?tek,€7.50m
Roberto Piccoli,€16.00m
Charles Pickel,€2.50m
Jordan Pickford,€15.00m
Amos Pieper,€4.00m
Ronaël Pierre-Gabriel,€2.50m
Andrea Pinamonti,€15.00m
Ethan Pinnock,€4.00m
Yeremi Pino,Not Found
Gerard Piqué,-
Lorenzo Pirola,€9.00m
Marko Pjaca,€2.00m
Óscar Plano,€200k
Gonzalo Plata,€8.00m
Marvin Plattenhardt,-
Alassane Pléa,€3.00m
Tommaso Pobega,€9.00m
Daniel Podence,€5.00m
Joel Pohjanpalo,€4.00m
Matteo Politano,€8.00m
Sebastian Polter,€300k
Ezequiel Ponce,€5.00m
Julien Ponceau,€2.00m
Marin Pongra?i?,€7.50m
Nick Pope,€7.00m
?ukasz Por?ba,€2.00m
Jackson Porozo,€2.50m
Pedro Porro,€40.00m
Francisco Portillo,€200k
Portu,€1.50m
Stefan Posch,€5.50m
Yussuf Poulsen,€1.50m
José Pozo,-
Alejandro Pozo Pozo,€1.50m
Dennis Praet,€2.00m
Abdón Prats,€900k
Sanjin Prci?,-
Isaac Price,€10.00m
Grischa Prömel,€3.50m
Ivan Provedel,€3.00m
Javi Puado,€7.50m
Mehdi Puch Herrantz,Not Found
Tymoteusz Puchacz,€1.50m
Arnau Puigmal,€1.50m
Christian Pulisic,€50.00m
Ignacio Pussetto,€1.80m
Niklas Pyyhtiä,€1.50m
Fabio Quagliarella,-
Giacomo Quagliata,€1.50m
Joshua Quarshie,€4.00m
Ghjuvanni Quilichini,-
Domingos Quina,€1.00m
Adrien Rabiot,€20.00m
Nemanja Radonji?,€2.00m
Ivan Radovanovi?,-
Ionu? Radu,€8.00m
Antonio Raillo,€1.50m
Predrag Rajkovi?,€7.00m
Ivan Rakiti?,-
Diant Ramaj,€7.00m
Largie Ramazani,€8.00m
Adil Rami,-
Chris Ramos,€2.50m
Sergio Ramos,€800k
Aaron Ramsdale,€12.00m
Aaron Ramsey,-
Jacob Ramsey,€35.00m
Luca Ranieri,€7.00m
Andrea Ranocchia,-
Filippo Ranocchia,€4.00m
Lilian Raolisoa,€3.50m
Raphinha,€80.00m
Nicolai Rapp,€1.00m
Elba Rashani,€500k
Marcus Rashford,€40.00m
Giacomo Raspadori,€22.00m
Rafael Ratão,€3.00m
David Raum,€22.00m
Rayan Raveloson,€1.50m
David Raya,€35.00m
Tim Ream,€200k
Ante Rebi?,€750k
Arkadiusz Reca,€450k
Nathan Redmond,€1.00m
Harrison Reed,€3.00m
Sergio Reguilón,€4.00m
Bobby Reid,€1.00m
Pepe Reina,-
Jeff Reine-Adélaïde,€700k
Reinier,€2.00m
Rocco Reitz,€20.00m
Karim Rekik,€1.00m
Álex Remiro,€14.00m
Panagiotis Retsos,€6.00m
Marco Reus,€1.80m
Alejandro Revuelta Montero,€100k
Elvis Rexhbeçaj,€3.50m
Gio Reyna,€4.00m
Chadi Riad,€12.00m
Nico Ribaudo,Not Found
Alexsandro Ribeiro,€18.00m
Franck Ribéry,-
Samuele Ricci,€25.00m
Declan Rice,€120.00m
Chris Richards,€25.00m
Richarlison,€28.00m
Marco Richter,€1.50m
Diego Rico,€1.20m
Jaïro Riedewald,€1.80m
Manuel Riemann,€200k
Tomás Rincón,€150k
Rémy Riou,€100k
Renaud Ripart,€400k
Rodrigo Riquelme,€6.00m
Matt Ritchie,€75k
Sergi Roberto,€1.50m
Lucas Robertone,€2.00m
Andrew Robertson,€10.00m
Antonee Robinson,€25.00m
Joel Roca,€5.00m
Marc Roca,€4.00m
Enzo Roco,€400k
Marek Rodák,€2.80m
Sebastian Rode,-
Joe Rodon,€15.00m
Rodri,€65.00m
Rodrigo,€65.00m
Ángel Rodríguez,€25k
Óscar Rodríguez Arnaiz,€1.80m
Dani Rodríguez,€100k
Guido Rodríguez,€5.00m
Pablo Rodríguez,-
Ricardo Rodríguez,€1.50m
Rodrygo,€50.00m
Mads Roerslev,€5.00m
Agustín Rogel,€500k
Rogério,-
Alessio Romagnoli,€7.00m
Cristian Romero,€50.00m
Iván Romero,€7.50m
Luka Romero,€3.20m
Oriol Romeu,€700k
Cristiano Ronaldo,€12.00m
Connor Ronan,€1.20m
Salomón Rondón,€400k
Valentin Rongier,€9.00m
Marten de Roon,€3.50m
Pablo Rosario,€8.00m
Tom Rothe,€10.00m
Joe Rothwell,€900k
Anthony Rouault,€12.00m
Jérôme Roussillon,€500k
Nicolò Rovella,€23.00m
Amir Rrahmani,€12.00m
Ruan,€4.50m
Rubén,€60.00m
Antonio Rüdiger,€9.00m
Sebastian Rudy,-
Daniele Rugani,€2.00m
Matteo Ruggeri,€20.00m
Mário Rui,-
Aitor Ruibal,€4.00m
Kays Ruiz,€200k
Fabián Ruiz Peña,€40.00m
Víctor Ruiz,-
Gerónimo Rulli,€8.00m
Franco Russo,€700k
Georginio Rutter,€30.00m
Julian Ryerson,€25.00m
Frederik Rønnow,€2.50m
José Sá,-
Youssouf Sabaly,€1.50m
Halid abanovi?,Not Found
Abdelhamid Sabiri,€1.00m
Marcel Sabitzer,€7.00m
Falaye Sacko,€1.20m
Umar Sadiq,€4.00m
Alexis Saelemaekers,€25.00m
Wesley Saïd,€6.00m
Allan Saint-Maximin,€10.00m
Théo Sainte-Luce,€800k
Samuel Sáiz,€50k
Bukayo Saka,€120.00m
Hamza Sakhi,€600k
Mamadou Sakho,-
Jacopo Sala,-
Ibrahim Salah,€2.00m
Mohamed Salah,€30.00m
Amine Salama,€1.50m
William Saliba,€90.00m
Dikeni Salifou,€700k
Mohammed Salisu,€10.00m
Roland Sallai,€12.00m
Yoann Salmier,€700k
Salvi,€900k
Lazar Samardzic,€17.00m
Diadie Samassékou,€1.00m
Mama Samba Baldé,€3.50m
Brice Samba,€8.00m
Albert Sambi Lokonga,€10.00m
Junior Sambia,€500k
Samuel,-
Fede San Emeterio,€300k
Antonio Sanabria,€2.00m
Leandro Sanca,€500k
Oihan Sancet,€35.00m
Renato Sanches,€2.00m
Alexis Sánchez,€1.40m
Antonio Sánchez,€2.40m
Davinson Sánchez,€18.00m
Iván Sánchez,-
Javi Sánchez,€800k
Manuel Sánchez,€6.00m
Robert Sánchez,€22.00m
Jadon Sancho,€20.00m
Alex Sandro,€1.50m
Leroy Sané,€22.00m
Sidi Sané,€600k
Morgan Sanson,€4.00m
Nicola Sansone,-
Baptiste Santamaria,€3.00m
Riccardo Saponara,-
Pablo Sarabia,€4.00m
Muhammed Saracevic Cham,Not Found
Jeremy Sarmiento,€5.00m
Amin Sarr,€3.00m
Malang Sarr,€15.00m
Martin Satriano,€6.00m
Téji Savanier,€1.50m
Esteban Saveljich,€50k
Stefan Savi?,€500k
Joe Scally,€7.00m
Giorgio Scalvini,€30.00m
Gianluca Scamacca,€25.00m
Gustavo Scarpa,€5.00m
Kevin Schade,€35.00m
András Schäfer,€4.50m
Fabian Schär,€6.00m
Derry Scherhant,€6.00m
Patrik Schick,€20.00m
Kingsley Schindler,€700k
Xaver Schlager,€10.00m
Keven Schlotterbeck,€6.00m
Nico Schlotterbeck,€55.00m
Jeffrey Schlupp,€1.20m
Kasper Schmeichel,€300k
Romano Schmid,€15.00m
Niklas Schmidt,€1.50m
Benno Schmitz,€250k
Jerdy Schouten,€22.00m
Perr Schuurs,€850k
Marvin Schwäbe,€3.00m
Alexander Schwolow,€450k
Demba Seck,€1.20m
Haris Seferovi?,-
Jacopo Segre,€2.20m
Paul Seguin,€750k
Alidu Seidu,€6.00m
Davie Selke,€3.00m
Matz Sels,€4.00m
Nélson Semedo,€7.00m
Vivaldo Semedo,€1.00m
Antoine Semenyo,€75.00m
Marvin Senaya,€3.00m
Marcos Senesi,€22.00m
Stefano Sensi,€1.20m
Jaime Seoane,€800k
Luigi Sepe,€150k
Suat Serdar,€3.50m
Leonardo Sernicola,€1.00m
Ryan Sessegnon,€20.00m
Stephan El Shaarawy,€2.50m
Luke Shaw,€10.00m
Jonjo Shelvey,-
Eldor Shomurodov,€7.00m
Kaj Sierhuis,€1.30m
Vincent Sierro,€3.80m
Kiliann Sildillia,€5.00m
André Silva,€3.00m
Bernardo Silva,€27.00m
Caio Henrique Oliveira Silva,€15.00m
David Silva,-
Rui Silva,€7.00m
Thiago Silva,€600k
Marco Silvestri,€500k
Abdallah Sima,€4.00m
Mohamed Simakan,€20.00m
Giovanni Simeone,€5.00m
Ellis Simms,€10.00m
Eduardo Simões,-
Moses Simon,€7.00m
Unai Simón,€25.00m
Lassine Sinayoko,€8.00m
Wilfried Singo,€25.00m
Luis Sinisterra,€11.00m
Daley Sinkgraven,€400k
Tobias Sippel,€300k
Hugo Siquet,€3.00m
Ibrahima Sissoko,€2.50m
Moussa Sissoko,€250k
Tim Skarke,€1.80m
Ellyes Skhiri,€6.00m
Oliver Skipp,€7.00m
Leo Skiri Østigård,€10.00m
?ukasz Skorupski,€2.50m
Robert Skov,€2.50m
Milan kriniar,Not Found
Naatan Skyttä,€5.00m
Islam Slimani,€300k
Chris Smalling,€1.20m
Adam Smith,€500k
Emile Smith Rowe,€22.00m
Hrvoje Smol?i?,€2.00m
Cédric Soares,€600k
Danilo Soares,€400k
Eduard Sobol,€500k
Rubén Sobrino,€400k
Alex Sola,€1.50m
Dominic Solanke,€35.00m
Augusto Solari,€200k
Ola Solbakken,€1.80m
Nikola Soldo,€400k
Carlos Soler,€8.00m
François-Joseph Sollacaro,€250k
Manor Solomon,€9.00m
Yann Sommer,€2.50m
Brandon Soppy,€1.50m
David Soria,€3.00m
Roberto Soriano,€300k
Borna Sosa,€4.00m
Joaquin Sosa,€550k
Florian Sotoca,€1.50m
Riccardo Sottil,€3.50m
Tomá Sou?ek,Not Found
Matìas Soulé,€35.00m
Moussa Soumano,€800k
Adama Soumaoro,-
Boubakary Soumaré,€12.00m
Arnaud Souquet,€250k
Dyego Sousa,-
Harry Souttar,€5.00m
Vinicius Souza,€8.00m
Djibril Sow,€7.50m
Çaðlar Söyüncü,Not Found
Kevin Spadanuda,€600k
Djed Spence,€30.00m
Stijn Spierings,€1.20m
Leonardo Spinazzola,€3.50m
Marco Sportiello,€1.00m
Jack Stacey,€2.50m
Anton Stach,€25.00m
Kostas Stafylidis,Not Found
Jens Stage,€14.00m
Josip Stanii?,Not Found
Junior Stanislas,-
Jay Stansfield,€18.00m
Niklas Stark,€3.50m
Calvin Stengs,€6.00m
Pascal Stenzel,€1.20m
Jack Stephens,€1.20m
Raheem Sterling,€5.00m
Angelo Stiller,€45.00m
Lars Stindl,-
Kevin Stöger,€2.00m
Petar Stojanovi?,€450k
John Stones,€15.00m
Jørgen Strand Larsen,€45.00m
Gabriel Strefezza,€7.00m
Dávid Strelec,€7.50m
Pascal Struijk,€22.00m
Cristhian Stuani,€800k
Damián Suárez,€25k
Denis Suárez,€1.20m
Mario Suárez,-
Gabriel Suazo,€7.00m
Isaac Success,€700k
Niklas Süle,€4.00m
Ibrahim Sulemana,€6.00m
Kamaldeen Sulemana,€18.00m
Crysencio Summerville,€30.00m
Ivan unji?,Not Found
Sam Surridge,€8.00m
Suso,€700k
Mattias Svanberg,€9.00m
Williot Swedberg,€15.00m
Issiaga Sylla,€800k
Wojciech Szcz?sny,€900k
Dominik Szoboszlai,€100.00m
Alexander Sørloth,€20.00m
Nicolás Tagliafico,€5.00m
Jonathan Tah,€30.00m
Benjamin Tahirovic,€4.50m
Waniss Taibi,€1.20m
Flavien Tait,€250k
Montassar Talbi,€7.00m
Adrien Tameze,€1.50m
Japhet Tanganga,€5.00m
Renato Tapia,€1.80m
Edmond Tapsoba,€35.00m
Florian Tardieu,€500k
Matt Targett,€3.50m
James Tarkowski,€7.00m
Ciprian T?t?ru?anu,-
Niklas Tauer,€350k
Nuno Tavares,€13.00m
Marcus Tavernier,€23.00m
Enzo Tchato,€2.00m
Aurélien Tchouaméni,€75.00m
Mathys Tel,€25.00m
Semir Telalovic,€600k
Alex Telles,€3.00m
Marc-André ter Stegen,€4.00m
Simon Terodde,-
Filippo Terracciano,€4.50m
Pietro Terracciano,€1.00m
Ramón Terrats,€3.00m
Martin Terrier,€12.00m
Aleksa Terzi?,€3.00m
Tetê,€11.00m
Kenny Tete,€11.00m
Florian Thauvin,€5.00m
Arthur Theate,€20.00m
Malick Thiaw,€45.00m
Jan Thielmann,€5.00m
Sada Thioub,-
Luke Thomas,€6.00m
Adrien Thomasson,€4.50m
Morten Thorsby,€3.00m
Kristian Thorstvedt,€10.00m
Marcus Thuram,€50.00m
Khéphren Thuram-Ulie,€40.00m
Alexis Tibidi,€200k
Youri Tielemans,€35.00m
Kieran Tierney,€8.00m
Steffen Tigges,€700k
Jean-Clair Todibo,€23.00m
Harry Toffolo,€2.00m
Umut Tohumcu,€4.00m
Karl Toko Ekambi,€1.50m
Corentin Tolisso,€12.00m
Jeremy Toljan,€2.20m
Rafael Tolói,€1.00m
Raúl de Tomás,€500k
Tiago Tomás,€20.00m
Takehiro Tomiyasu,€8.00m
James Tomkins,-
Fikayo Tomori,€20.00m
Sandro Tonali,€80.00m
Ivan Toney,€20.00m
Pablo Torre,€5.00m
David Torres,€1.50m
Ferrán Torres,€50.00m
Óliver Torres,€3.50m
Pau Torres,€22.00m
Roberto Torres,€25k
Lucas Torró,€2.80m
Nabil Touaizi,€500k
Almamy Touré,-
Birama Touré,€300k
Souleymane Touré,-
Lucas Tousart,€2.00m
Yoann Touzghar,-
Adama Traoré,€8.00m
Boubacar Traoré,€5.00m
Charles Traore,€50k
Hamari Traoré,€1.80m
Kevin Trapp,€2.00m
Mark Travers,€4.00m
Óscar Trejo,€400k
Manu Trigueros,€400k
Christopher Trimmel,€600k
Kieran Trippier,€2.50m
William Troost-Ekong,€1.20m
Leandro Trossard,€20.00m
Adrien Truffert,€25.00m
Frank Tsadjout,€400k
Kostas Tsimikas,€8.00m
Theocharis Tsingaras,€900k
Viktor Tsyhankov,€15.00m
Alessandro Tuia,€125k
Beñat Turrientes,€10.00m
Tuta,€12.00m
Iyenoma Udogie,Not Found
Ike Ugbo,€2.00m
Chimuanya Ugochukwu,€25.00m
Sven Ulreich,€500k
Lauren Ulrich,Not Found
Samuel Umtiti,-
Enes Ünal,€8.00m
Deniz Undav,€22.00m
Cengiz Ünder,€6.00m
Dayot Upamecano,€70.00m
Filip Uremovi?,€2.50m
Oscar Ureña,€300k
Jere Uronen,€700k
Mark Uth,-
Josha Vagnoman,€10.00m
Diego Valencia,€700k
Óscar Valentín,€2.20m
Emanuele Valeri,€3.00m
Valery,€1.30m
Yan Valery,€1.30m
Enrique Valiente,Not Found
Martin Valjent,€4.50m
Manu Vallejo,€250k
Mattia Valoti,€600k
Federico Valverde,€120.00m
Virgil van Dijk,€18.00m
Vanderson,€20.00m
Raphaël Varane,-
Jamie Vardy,€1.00m
Ruben Vargas,€12.00m
Johan Vásquez,€13.00m
Jesus Vazquez,€4.00m
Kevin Vázquez,€400k
Lucas Vázquez,€2.50m
Matías Vecino,€1.50m
Gabriel Veiga,€25.00m
Renato Veiga,€25.00m
Milo Veljkovi?,Not Found
Miguel Veloso,-
Joël Veltman,€2.50m
Mickey van de Ven,Not Found
Unai Vencedor Paris,€1.80m
Lorenzo Venuti,€400k
Daniele Verde,€700k
Simone Verdi,€500k
Gonzalo Verdú,-
Jordan Veretout,€3.50m
Marco Verratti,€7.00m
Valerio Verre,€300k
Mikel Vesga,€1.50m
Guglielmo Vicario,€23.00m
João Victor,€35.00m
Aleix Vidal,-
Clément Vidal,€1.00m
Nacho Vidal,€1.60m
Gabriel Vidovic,€2.50m
Fabio Vieira,€18.00m
Ronaldo Vieira,€500k
Emanuel Vignato,€400k
Samuele Vignato,€2.50m
Tonny Vilhena,€700k
Toni Villa,€300k
Asier Villalibre,€2.00m
Gonzalo Villar,€1.80m
Iván Villar,€900k
Matías Viña,€4.00m
Rúben Vinagre,€2.00m
Carlos Vinícius,€7.00m
Alan Virginius,€2.50m
Mattia Viti,€4.00m
Vitinha,€110.00m
Daniel Vivian,€25.00m
Duan Vlahovi?,Not Found
Nikola Vlai?,Not Found
Joel Voelkerling Persson,-
Kevin Vogt,€400k
Mërgim Vojvoda,€3.00m
Kevin Volland,€500k
Cristian Volpato,€10.00m
Aster Vranckx,€7.00m
Stefan de Vrij,€3.50m
Robert Wagner,€2.00m
Walace,€3.00m
Theo Walcott,-
Luca Waldschmidt,€2.00m
Kyle Walker,€2.50m
Kyle Walker-Peters,€13.00m
Sebastian Walukiewicz,€4.50m
Aaron Wan-Bissaka,€22.00m
Paul Wanner,€18.00m
Danny Ward,€800k
Joel Ward,€300k
James Ward-Prowse,€6.00m
Ollie Watkins,€30.00m
Timothy Weah,€20.00m
Adam Webster,€5.00m
Wout Weghorst,€2.50m
Julian Weigl,€5.00m
Nelson Weiper,€10.00m
Mitchell Weiser,€3.50m
Noah Weißhaupt,€2.50m
Shon Weissman,€750k
Danny Welbeck,€4.00m
Marcel Wenig,€200k
Timo Werner,€3.00m
Ben White,€30.00m
Harvey White,€700k
Silvan Widmer,€800k
Mateusz Wieteska,€1.20m
Georginio Wijnaldum,€2.50m
Iñaki Williams,€10.00m
Neco Williams,€25.00m
Nico Williams,€50.00m
Willian,€70.00m
Joe Willock,€16.00m
Callum Wilson,€5.00m
Harry Wilson,€25.00m
Patrick Wimmer,€15.00m
Jonas Wind,€5.00m
Harry Winks,€5.00m
Frederik Winther,€700k
Florian Wirtz,€110.00m
Przemys?aw Wi?niewski,€2.00m
Yoane Wissa,€30.00m
Axel Witsel,€1.40m
Maximilian Wöber,€3.00m
Hannes Wolf,€5.00m
Marius Wolf,€2.50m
Jeong Woo-yeong,Not Found
Chris Wood,€6.00m
Christopher Wooh,€4.50m
Joe Worrall,€3.00m
Xeka,€1.00m
Granit Xhaka,€10.00m
Jawad El Yamiq,€600k
Ryan Yates,€8.00m
Yusuf Yazýcý,Not Found
Kelvin Yeboah,€6.00m
Gerard Yepes,€750k
Darlin Yongwa,€6.00m
Leny Yoro,€50.00m
Maya Yoshida,€150k
Ashley Young,€400k
Mohamed Youssouf,€100k
Mattia Zaccagni,€12.00m
Dan-Axel Zagadou,€2.00m
Wilfried Zaha,€4.00m
Warren Zaire-Emery,€60.00m
Denis Zakaria,€25.00m
Rodrigo Zalazar,€22.00m
Joseba Zaldúa,€200k
Nicola Zalewski,€20.00m
Andre-Frank Zambo Anguissa,€20.00m
Oliver Zandén,€700k
Luca Zanimacchia,€1.20m
Nicolò Zaniolo,€13.00m
Alessandro Zanoli,€5.00m
Duván Zapata,€3.00m
Davide Zappacosta,€3.50m
Oier Zarraga,€1.80m
Akim Zedadka,€800k
Mehdi Zeffane,€200k
Aaron Zehnter,€6.00m
Jordan Zemura,€5.00m
Arber Zeneli,€1.50m
Robin Zentner,€3.00m
Alessio Zerbin,€2.20m
Michael Zetterer,€4.50m
Nathan Zeze,€18.00m
Edon Zhegrova,€14.00m
Piotr Zieli?ski,€10.00m
David Zima,€7.00m
Oleksandr Zinchenko,€10.00m
Joshua Zirkzee,€22.00m
Hakim Ziyech,€2.50m
Jeroen Zoet,€300k
Simon Zoller,-
Nadir Zortea,€7.50m
Kurt Zouma,€4.00m
Petar Zovko,€50k
Igor Zubeldia,€9.00m
Martín Zubimendi,€80.00m
Szymon ?urkowski,€500k
Martin Ødegaard,€65.00m
Milan ?uri?,-
